company,location,total_laid_off,date,percentage_laid_off,industry,stage,funds_raised_USD,country
F-Secure,"Helsinki,Non-U.S.",70,2023-10-25,NULL,Security,Post-IPO,NULL,Finland
"Included Health","SF Bay Area",NULL,2022-07-25,0.06,Healthcare,"Series E",272,"United States"
&Open,"Dublin,Non-U.S.",9,2022-11-17,0.09,Marketing,"Series A",35,Ireland
#Paid,"Toronto,Non-U.S.",19,2023-01-27,0.17,Marketing,"Series B",21,Canada
"100 Thieves","Los Angeles",12,2022-07-13,NULL,Consumer,"Series C",120,"United States"
"10X Genomics","SF Bay Area",100,2022-08-04,0.08,Healthcare,Post-IPO,242,"United States"
"1K Kirana","Gurugram,Non-U.S.",600,2023-04-04,0.4,Retail,"Series B",NULL,India
1stdibs,"New York City",70,2020-04-02,0.17,Retail,"Series D",253,"United States"
23andMe,"SF Bay Area",71,2023-08-08,0.11,Healthcare,Post-IPO,1100,"United States"
23andMe,"SF Bay Area",75,2023-06-09,0.09,Healthcare,Post-IPO,1100,"United States"
23andMe,"SF Bay Area",200,2024-11-11,0.4,Healthcare,Post-IPO,1100,"United States"
2TM,"Sao Paulo,Non-U.S.",90,2022-06-01,0.12,Crypto,NULL,250,Brazil
2TM,"Sao Paulo,Non-U.S.",100,2022-09-01,0.15,Crypto,NULL,250,Brazil
2U,"Washington D.C.",NULL,2022-07-28,0.2,Education,Post-IPO,426,"United States"
54gene,"Washington D.C.",95,2022-08-29,0.3,Healthcare,"Series B",44,"United States"
"5B Solar","Sydney,Non-U.S.",NULL,2022-06-03,0.25,Energy,"Series A",12,Australia
6sense,"SF Bay Area",150,2022-10-12,0.1,Sales,"Series E",426,"United States"
7shifts,"Saskatoon,Non-U.S.",30,2023-09-15,0.07,Food,"Series C",131,Canada
7Shifts,"Saskatoon,Non-U.S.",68,2024-01-11,0.19,Food,"Series C",131,Canada
"80 Acres Farms",Cincinnati,NULL,2023-01-18,0.1,Food,NULL,275,"United States"
8x8,"SF Bay Area",155,2023-01-18,0.07,Support,Post-IPO,253,"United States"
8x8,"SF Bay Area",200,2022-10-04,0.09,Support,Post-IPO,253,"United States"
98point6,Seattle,NULL,2022-07-21,0.1,Healthcare,"Series E",247,"United States"
99,"Sao Paulo,Non-U.S.",75,2022-09-20,0.02,Transportation,Acquired,244,Brazil
Aakash,"New Delhi,Non-U.S.",80,2024-09-18,NULL,Education,Acquired,NULL,India
ABBYY,Nicosia,200,2024-10-01,NULL,Data,NULL,6,Cyprus
Abra,"SF Bay Area",12,2022-06-30,0.05,Crypto,"Series C",106,"United States"
Absci,Portland,30,2023-09-05,0.15,Healthcare,Post-IPO,238,"United States"
Absci,"Vancouver,Non-U.S.",40,2022-08-09,NULL,Healthcare,Post-IPO,237,Canada
"Absolute Software","Vancouver,Non-U.S.",40,2023-04-06,0.05,Security,Post-IPO,NULL,Canada
Acast,"Stockholm,Non-U.S.",70,2022-09-15,0.15,Media,Post-IPO,126,Sweden
Acko,"Mumbai,Non-U.S.",45,2020-04-01,0.09,Finance,NULL,143,India
Acorns,Portland,50,2020-05-26,NULL,Finance,NULL,207,"United States"
Actifio,Boston,54,2020-12-16,NULL,Data,Acquired,352,"United States"
ActiveCampaign,Chicago,NULL,2022-10-03,0.15,Marketing,"Series C",360,"United States"
ActiveFence,"Paris,Non-U.S.",22,2025-03-13,0.07,Security,"Series B",100,"United States"
Actyv.ai,"Bengaluru,Non-U.S.",NULL,2023-08-02,0.6,Finance,Seed,12,India
Acxiom,"Little Rock",130,2025-03-19,0.03,Marketing,Post-IPO,NULL,"United States"
Ada,"Toronto,Non-U.S.",78,2022-09-20,0.16,Support,"Series C",190,Canada
"Ada Health","Berlin,Non-U.S.",50,2022-10-17,NULL,Healthcare,"Series B",189,Germany
"Ada Support","Toronto,Non-U.S.",36,2020-04-24,0.23,Support,"Series B",60,Canada
"Adaptive Biotechnologies",Seattle,100,2022-03-08,0.12,Healthcare,Post-IPO,406,"United States"
Adda247,"Gurugram,Non-U.S.",300,2023-10-14,NULL,Education,"Series B",61,India
Addepar,"SF Bay Area",20,2023-01-18,0.03,Finance,"Series F",491,"United States"
Adjust,"Berlin,Non-U.S.",304,2024-11-22,NULL,Marketing,Acquired,256,Germany
Adobe,"SF Bay Area",100,2022-12-06,NULL,Marketing,Post-IPO,2,"United States"
AdRoll,"Salt Lake City",210,2020-03-31,0.3,Marketing,"Series C",89,"United States"
Advata,Seattle,32,2022-10-28,0.21,Healthcare,NULL,NULL,"United States"
"Advisor Credit Exchange",Philadelphia,NULL,2025-01-14,1,Finance,NULL,31,"United States"
Adwerx,Durham,40,2022-07-07,NULL,Marketing,NULL,20,"United States"
AEye,"SF Bay Area",46,2023-03-28,0.33,Transportation,Post-IPO,314,"United States"
Affirm,Pittsburgh,60,2024-02-21,NULL,Finance,Post-IPO,1500,"United States"
Affirm,"SF Bay Area",NULL,2022-11-03,0.01,Finance,Post-IPO,1500,"United States"
Affirm,"SF Bay Area",500,2023-02-08,0.19,Finance,Post-IPO,1500,"United States"
Afterverse,"Brasilia,Non-U.S.",60,2022-06-03,0.2,Consumer,NULL,NULL,Brazil
AgentSync,Denver,67,2023-07-19,0.24,Finance,"Series B",111,"United States"
Agoda,"Singapore,Non-U.S.",1500,2020-05-18,0.25,Travel,Acquired,NULL,Singapore
Ahead,"SF Bay Area",44,2022-04-14,1,Healthcare,NULL,9,"United States"
Air,"New York City",NULL,2020-09-16,0.16,Marketing,"Series A",18,"United States"
Airbnb,"SF Bay Area",30,2023-03-03,NULL,Travel,Post-IPO,6400,"United States"
Airbnb,"SF Bay Area",1900,2020-05-05,0.25,Travel,"Private Equity",5400,"United States"
Airlift,"Lahore,Non-U.S.",NULL,2022-05-25,0.31,Logistics,"Series B",109,Pakistan
Airlift,"Lahore,Non-U.S.",NULL,2022-07-12,1,Logistics,"Series B",109,Pakistan
Airmeet,"Bengaluru,Non-U.S.",NULL,2024-03-19,0.2,Marketing,"Series B",50,India
Airmeet,"Bengaluru,Non-U.S.",75,2023-05-25,0.3,Marketing,"Series B",50,India
Airtable,"SF Bay Area",237,2023-09-14,0.27,Product,"Series F",1400,"United States"
Airtable,"SF Bay Area",254,2022-12-08,0.2,Product,"Series F",1400,"United States"
Airtame,"Copenhagen,Non-U.S.",15,2022-06-15,NULL,Consumer,NULL,7,Denmark
Airtasker,"Sydney,Non-U.S.",45,2023-04-27,0.2,Retail,"Series C",26,Australia
Airtime,"New York City",25,2025-06-04,0.43,Consumer,"Series B",33,"United States"
Airtime,"New York City",30,2022-05-23,0.2,Consumer,"Series B",33,"United States"
"Airy Rooms","Jakarta,Non-U.S.",NULL,2020-04-22,0.7,Travel,NULL,NULL,Indonesia
"Airy Rooms","Jakarta,Non-U.S.",NULL,2020-05-07,1,Travel,NULL,NULL,Indonesia
Aiven,"Helsinki,Non-U.S.",NULL,2023-01-18,0.2,Infrastructure,"Series D",420,Finland
Ajaib,"Jakarta,Non-U.S.",67,2022-11-28,0.08,Finance,NULL,245,Indonesia
Akamai,Boston,250,2024-11-07,0.02,Security,Post-IPO,35,"United States"
Akamai,Boston,290,2023-05-09,0.03,Security,Post-IPO,35,"United States"
"Akili Interactive",Boston,NULL,2024-04-30,0.46,Healthcare,Post-IPO,271,"United States"
"Akili Labs",Boston,NULL,2023-09-13,0.4,Healthcare,Post-IPO,301,"United States"
"Akili Labs",Boston,46,2023-01-12,0.3,Healthcare,Post-IPO,301,"United States"
Akseleran,"Jakarta,Non-U.S.",60,2023-07-27,NULL,Finance,"Series A",9,Indonesia
Akudo,"Bengaluru,Non-U.S.",NULL,2023-09-20,1,Finance,Seed,4,India
Akulaku,"Jakarta,Non-U.S.",100,2020-04-15,NULL,Finance,"Series D",160,Indonesia
AlayaCare,Montreal,80,2022-08-16,0.14,Healthcare,"Series D",293,Canada
Albert,"Los Angeles",20,2022-06-10,0.08,Finance,"Series C",175,"United States"
"Aleph Farms","Tel Aviv,Non-U.S.",30,2024-06-05,0.3,Food,NULL,119,Israel
Alerzo,"Ibadan,Non-U.S.",100,2023-11-21,NULL,Retail,"Series B",16,Nigeria
Alerzo,"Ibadan,Non-U.S.",400,2023-03-06,NULL,Retail,"Series B",16,Nigeria
"ALI Technologies","Tokyo,Non-U.S.",NULL,2024-01-16,1,Transportation,NULL,NULL,Japan
"Alibaba Cloud","Hangzhou,Non-U.S.",NULL,2023-05-24,0.07,Data,Subsidiary,NULL,China
Alice,"Sao Paulo,Non-U.S.",63,2022-07-11,NULL,Healthcare,"Series C",174,Brazil
Alice,"Sao Paulo,Non-U.S.",113,2022-12-09,0.16,Healthcare,"Series C",174,Brazil
"AliExpress Russia","Moscow,Non-U.S.",400,2022-05-14,0.4,Retail,Acquired,60,Russia
Allbirds,"SF Bay Area",23,2022-07-28,NULL,Retail,Post-IPO,202,"United States"
Alma,"New York City",NULL,2024-10-02,0.09,Healthcare,"Series D",220,"United States"
AlphaSense,"New York City",150,2024-11-27,0.08,Other,"Series F",1400,"United States"
Alteryx,"Los Angeles",320,2023-04-27,0.11,Data,Post-IPO,613,"United States"
"Alto Pharmacy","SF Bay Area",47,2020-09-29,0.06,Healthcare,"Series D",356,"United States"
Altruist,"SF Bay Area",37,2025-01-07,0.1,Finance,"Series E",449,"United States"
Alza,"New York City",NULL,2025-01-13,1,Finance,Seed,7,"United States"
Amazon,Seattle,30,2024-01-18,NULL,Retail,Post-IPO,108,"United States"
Amazon,Seattle,80,2023-07-13,NULL,Retail,Post-IPO,108,"United States"
Amazon,Seattle,100,2025-05-14,NULL,Retail,Post-IPO,8100,"United States"
Amazon,Seattle,150,2022-10-28,NULL,Retail,Post-IPO,108,"United States"
Amazon,Seattle,180,2023-11-13,NULL,Retail,Post-IPO,108,"United States"
Amazon,Seattle,400,2024-02-06,NULL,Retail,Post-IPO,108,"United States"
Amazon,Seattle,8000,2023-01-04,0.02,Retail,Post-IPO,108,"United States"
Amazon,Seattle,9000,2023-03-20,NULL,Retail,Post-IPO,108,"United States"
Amazon,Seattle,10000,2022-11-16,0.03,Retail,Post-IPO,108,"United States"
"Amber Group","Hong Kong,Non-U.S.",NULL,2022-09-09,0.1,Crypto,"Series B",328,"Hong Kong"
"Ambev Tech","Blumenau,Non-U.S.",50,2023-03-02,NULL,Food,Acquired,NULL,Brazil
AMD,"SF Bay Area",1000,2024-11-13,0.04,Hardware,Post-IPO,NULL,"United States"
Amdocs,"St. Louis",700,2023-01-02,0.03,Support,Post-IPO,NULL,"United States"
Amdocs,"St. Louis",2000,2023-07-06,0.06,Support,Post-IPO,NULL,"United States"
"American Robotics",Boston,50,2023-01-17,0.65,Other,Acquired,92,"United States"
Amicole,"New York City",NULL,2025-07-17,1,Retail,Seed,5,"United States"
Amount,Chicago,NULL,2022-06-27,0.18,Finance,NULL,283,"United States"
Amount,Chicago,130,2023-02-27,0.25,Finance,NULL,283,"United States"
Amperity,Seattle,NULL,2024-09-12,0.13,Marketing,"Series D",187,"United States"
Amperity,Seattle,13,2022-08-20,0.03,Marketing,"Series D",187,"United States"
Amperity,Seattle,20,2024-01-25,NULL,Marketing,"Series D",187,"United States"
Amplero,Seattle,17,2020-03-29,1,Marketing,"Series B",25,"United States"
Amplitude,"SF Bay Area",99,2023-04-05,0.13,Data,Post-IPO,311,"United States"
Anagram,"Los Angeles",17,2020-04-03,NULL,Healthcare,"Series A",14,"United States"
"Analog Devices","SF Bay Area",111,2023-12-13,NULL,Manufacturing,Post-IPO,NULL,"United States"
Anaplan,"SF Bay Area",300,2023-06-21,NULL,Other,Acquired,300,"United States"
Anar,"Mumbai,Non-U.S.",NULL,2023-11-25,1,Marketing,Seed,6,India
Ancestry,Lehi,81,2024-03-14,0.06,Consumer,Post-IPO,33,"United States"
"Anchorage Digital","SF Bay Area",75,2023-03-14,0.2,Crypto,"Series D",487,"United States"
Andela,"New York City",135,2020-05-05,0.1,Recruiting,"Series D",181,"United States"
Andgo,"Saskatoon,Non-U.S.",9,2023-09-29,NULL,HR,"Series A",5,Canada
AngelList,"SF Bay Area",20,2020-03-31,NULL,Recruiting,"Series B",26,"United States"
Anodot,"Tel Aviv,Non-U.S.",15,2022-07-06,0.2,Data,"Series C",64,Israel
Anodot,"Tel Aviv,Non-U.S.",35,2022-07-06,0.27,Data,"Series C",64,Israel
"ANS Commerce","Gurugram,Non-U.S.",NULL,2025-03-02,1,Retail,Acquired,2,India
AnswerLab,"SF Bay Area",NULL,2023-03-30,0.17,Marketing,NULL,NULL,"United States"
"Antidote Health","Tel Aviv,Non-U.S.",23,2022-10-23,0.38,Healthcare,NULL,36,Israel
Anyline,"Vienna,Non-U.S.",NULL,2023-03-29,0.25,Other,"Series B",37,Austria
Anywell,"Tel Aviv,Non-U.S.",11,2022-08-14,NULL,"Real Estate","Series A",15,Israel
"Apartment List","SF Bay Area",29,2022-08-31,0.1,"Real Estate","Series D",169,"United States"
Apollo,"SF Bay Area",NULL,2022-12-15,0.15,Product,"Series D",183,"United States"
"Apollo Insurance","Vancouver,Non-U.S.",NULL,2022-11-15,0.25,Finance,"Series B",11,Canada
"App Annie","SF Bay Area",80,2020-04-28,0.18,Data,NULL,156,"United States"
Appcues,Boston,NULL,2023-03-08,0.15,Data,"Series B",52,"United States"
AppFolio,"Santa Barbara",62,2023-05-22,NULL,"Real Estate",Post-IPO,30,"United States"
AppFolio,"Santa Barbara",149,2023-08-17,0.09,"Real Estate",Post-IPO,30,"United States"
Appgate,Miami,34,2023-02-01,0.08,Security,Post-IPO,NULL,"United States"
AppGate,Miami,130,2022-07-21,0.22,Security,Post-IPO,NULL,"United States"
AppHarvest,Lexington,NULL,2023-07-24,1,Food,Post-IPO,692,"United States"
Apple,"SF Bay Area",100,2024-08-27,NULL,Hardware,Post-IPO,1200,"United States"
Apple,"SF Bay Area",614,2024-04-04,NULL,Hardware,Post-IPO,1200,"United States"
AppLovin,"SF Bay Area",58,2024-10-15,NULL,Marketing,Post-IPO,1600,"United States"
AppLovin,"SF Bay Area",61,2024-08-15,NULL,Marketing,Post-IPO,1600,"United States"
AppLovin,"SF Bay Area",65,2024-10-03,NULL,Marketing,Post-IPO,1600,"United States"
AppLovin,"SF Bay Area",89,2025-01-15,NULL,Marketing,Post-IPO,1600,"United States"
AppLovin,"SF Bay Area",97,2025-04-16,NULL,Marketing,Post-IPO,1600,"United States"
AppLovin,"SF Bay Area",120,2024-11-13,NULL,Marketing,Post-IPO,1600,"United States"
AppLovin,"SF Bay Area",300,2022-06-27,0.12,Marketing,Post-IPO,1600,"United States"
ApplyBoard,"Waterloo,Non-U.S.",NULL,2024-09-19,0.04,Education,"Series D",483,Canada
ApplyBoard,"Waterloo,Non-U.S.",90,2022-11-28,0.06,Education,"Series D",483,Canada
AppsFlyer,"SF Bay Area",100,2025-02-04,0.07,Data,NULL,293,"United States"
Appsmith,"SF Bay Area",35,2023-09-22,0.25,,"Series B",51,"United States"
Aptiv,"Krakow,Non-U.S.",250,2024-02-20,NULL,Transportation,Post-IPO,8,Poland
Aqgromalin,"Chennai,Non-U.S.",80,2022-06-20,0.3,Food,NULL,12,India
"Aqua Security",Boston,50,2024-07-17,0.1,Security,"Series E",325,"United States"
"Aqua Security",Boston,65,2022-12-05,0.1,Security,"Series E",265,"United States"
"Aqua Security","Tel Aviv,Non-U.S.",24,2020-04-01,0.09,Security,"Series C",100,Israel
Arc,"SF Bay Area",13,2022-07-20,NULL,HR,Seed,1,"United States"
"Arch Oncology","Brisbane,Non-U.S.",NULL,2023-01-13,1,Healthcare,"Series C",155,"United States"
Archipelago,"SF Bay Area",40,2023-08-01,0.3,"Real Estate","Series B",57,"United States"
"Argo AI","Munich,Non-U.S.",100,2020-06-29,NULL,Transportation,NULL,3600,Germany
"Argo AI",Pittsburgh,150,2022-07-07,0.05,Transportation,NULL,3600,"United States"
"Argo AI",Pittsburgh,173,2022-10-26,NULL,Transportation,NULL,3600,"United States"
"Argo AI","SF Bay Area",259,2022-11-01,NULL,Transportation,NULL,3600,"United States"
Argyle,"New York City",20,2022-08-26,0.07,Finance,"Series B",78,"United States"
"Arkane Studios",Austin,96,2024-05-08,1,Consumer,NULL,NULL,"United States"
"Arm Holdings","Shanghai,Non-U.S.",70,2023-12-18,NULL,Hardware,Post-IPO,NULL,China
Armis,"SF Bay Area",25,2022-12-08,0.04,Security,"Private Equity",537,"United States"
Arrival,"London,Non-U.S.",NULL,2023-10-05,0.25,Transportation,Post-IPO,629,"United Kingdom"
Arrival,"London,Non-U.S.",NULL,2025-03-10,1,Transportation,Post-IPO,629,"United Kingdom"
Arrival,"London,Non-U.S.",NULL,2022-07-13,0.3,Transportation,Post-IPO,629,"United Kingdom"
Arrival,"London,Non-U.S.",800,2023-01-30,0.5,Transportation,Post-IPO,629,"United Kingdom"
"Arrive Logistics",Austin,75,2020-04-03,0.07,Logistics,"Series B",35,"United States"
Article,"Vancouver,Non-U.S.",216,2022-08-04,0.17,Retail,"Series B",NULL,Canada
Articulate,"New York City",38,2023-02-02,NULL,Education,"Series A",1500,"United States"
Artifact,"SF Bay Area",NULL,2024-01-12,1,Media,NULL,NULL,"United States"
Artnight,"Berlin,Non-U.S.",26,2022-08-31,0.36,Retail,NULL,NULL,Germany
Artsy,"New York City",35,2023-06-29,0.15,Retail,"Series D",100,"United States"
Asana,"SF Bay Area",100,2025-02-04,NULL,Other,Post-IPO,453,"United States"
Asana,"SF Bay Area",180,2022-11-15,0.09,Other,Post-IPO,453,"United States"
Aspiration,"Los Angeles",170,2023-03-24,NULL,Finance,NULL,250,"United States"
Aspire,"SF Bay Area",23,2022-07-15,NULL,Marketing,"Series A",27,"United States"
Assurance,Seattle,112,2024-05-01,1,Finance,Acquired,NULL,"United States"
Assure,"Salt Lake City",NULL,2022-11-23,1,Finance,Seed,2,"United States"
Astra,"Bengaluru,Non-U.S.",NULL,2025-07-31,1,Sales,NULL,NULL,India
Astra,"SF Bay Area",NULL,2022-11-08,0.16,Aerospace,Post-IPO,300,"United States"
Astra,"SF Bay Area",NULL,2023-08-04,0.25,Aerospace,Post-IPO,300,"United States"
Astra,"SF Bay Area",40,2020-04-05,0.25,Aerospace,NULL,100,"United States"
"Astrate Medical",Philadelphia,NULL,2024-02-05,1,Healthcare,"Series A",13,"United States"
Astronomer,Cincinnati,76,2023-01-04,0.2,Data,"Series C",282,"United States"
Astronomer,Cincinnati,100,2023-04-13,0.4,Data,"Series C",282,"United States"
At-Bay,"SF Bay Area",27,2023-09-12,0.09,Security,NULL,296,"United States"
Atera,"Tel Aviv,Non-U.S.",20,2024-11-03,0.06,Other,"Series B",102,Israel
Athennian,"Calgary,Non-U.S.",30,2023-07-05,NULL,Legal,"Series B",47,Canada
"Atlanta Tech Village",Atlanta,NULL,2020-04-02,0.5,"Real Estate",NULL,NULL,"United States"
Atlas,Chicago,150,2023-08-23,0.3,HR,"Series B",220,"United States"
"Atlas Obscura","New York City",15,2020-06-18,NULL,Media,"Series B",32,"United States"
Atlassian,"Sydney,Non-U.S.",150,2025-07-30,NULL,Other,Post-IPO,210,Australia
Atlassian,"Sydney,Non-U.S.",200,2025-09-10,NULL,Other,Post-IPO,210,Australia
Atlassian,"Sydney,Non-U.S.",500,2023-03-06,0.05,Other,Post-IPO,210,Australia
Atmosphere,Austin,100,2024-05-15,NULL,Other,"Series D",214,"United States"
AtoB,"SF Bay Area",32,2022-10-19,0.3,Finance,"Series B",177,"United States"
Atsu,Seattle,6,2020-04-10,1,Infrastructure,NULL,1,"United States"
Attentive,"New York City",NULL,2023-01-05,0.15,Marketing,"Series E",863,"United States"
AU10TIX,"Tel Aviv,Non-U.S.",19,2023-01-31,0.09,Security,NULL,80,Israel
Audible,"New York City",100,2024-01-11,0.05,Media,Acquired,14,"United States"
AudioCodes,"Tel Aviv,Non-U.S.",80,2023-05-09,0.06,Other,Post-IPO,91,Israel
AudioCodes,"Tel Aviv,Non-U.S.",80,2023-07-13,0.06,Other,Post-IPO,91,Israel
Augury,"New York City",20,2023-01-04,0.05,Manufacturing,"Series E",274,"United States"
Augury,"New York City",70,2023-08-02,0.18,Manufacturing,"Series E",274,"United States"
Aura,Boston,70,2022-06-23,0.09,Security,"Series F",500,"United States"
"Aura Financial","SF Bay Area",NULL,2021-01-11,1,Finance,NULL,584,"United States"
Aurora,Pittsburgh,NULL,2024-01-24,0.03,Transportation,Post-IPO,3700,"United States"
"Aurora Solar","SF Bay Area",58,2025-01-16,NULL,Energy,"Series D",523,"United States"
"Aurora Solar","SF Bay Area",111,2024-01-30,0.2,Energy,"Series D",523,"United States"
Autodesk,"SF Bay Area",250,2023-02-02,0.02,Other,Post-IPO,NULL,"United States"
Autodesk,"SF Bay Area",1350,2025-02-27,0.09,Other,Post-IPO,NULL,"United States"
Autograph,"Los Angeles",30,2023-05-04,0.33,Crypto,"Series B",205,"United States"
Automatic,"SF Bay Area",NULL,2020-05-01,1,Transportation,Acquired,24,"United States"
"Automation Anywhere","SF Bay Area",260,2020-04-27,0.1,Other,"Series B",840,"United States"
Automattic,"SF Bay Area",281,2025-04-02,0.16,Other,"Series E",986,"United States"
Automox,Boulder,NULL,2022-04-18,0.11,Infrastructure,"Series C",152,"United States"
"Ava Labs","New York City",NULL,2023-11-06,0.12,Crypto,NULL,640,"United States"
"Avantage Entertainment",Minneapolis,5,2020-04-03,0.2,Media,NULL,NULL,"United States"
AvantStay,"Los Angeles",37,2023-06-20,NULL,Travel,"Private Equity",686,"United States"
AvantStay,"Los Angeles",80,2022-06-29,NULL,Travel,NULL,811,"United States"
AvantStay,"Los Angeles",144,2022-11-09,0.22,Travel,"Private Equity",686,"United States"
Avast,Phoenix,NULL,2022-11-10,0.25,Security,NULL,NULL,"United States"
Avaya,Durham,180,2024-08-01,0.03,Other,Post-IPO,700,"United States"
Avidbots,"Kitchener,Non-U.S.",50,2023-03-14,0.14,Hardware,"Series C",106,Canada
Avo,"Tel Aviv,Non-U.S.",500,2022-05-01,0.67,Food,"Series B",45,Israel
Avocargo,"Berlin,Non-U.S.",16,2023-04-06,1,Transportation,Seed,NULL,Germany
Away,"New York City",NULL,2024-02-14,0.25,Retail,"Series D",181,"United States"
Away,"Paris,Non-U.S.",22,2023-05-31,0.08,Retail,"Series D",181,"United States"
Away,"New York City",60,2020-04-07,0.1,Retail,"Series D",181,"United States"
Awok,"Dubai,Non-U.S.",NULL,2020-09-02,1,Retail,"Series A",30,"United Arab Emirates"
"Axios Media","Washington D.C.",50,2024-08-06,0.1,Media,Acquired,57,"United States"
Aya,"Toronto,Non-U.S.",5,2020-11-19,0.25,Finance,Seed,3,Canada
Ayoconnect,"Jakarta,Non-U.S.",NULL,2023-08-03,0.1,Finance,"Series B",43,Indonesia
B8ta,"SF Bay Area",250,2020-03-26,0.5,Retail,"Series C",88,"United States"
Babylon,"London,Non-U.S.",100,2022-07-12,NULL,Healthcare,Post-IPO,1100,"United Kingdom"
"Babylon Health","London,Non-U.S.",94,2023-08-09,NULL,Healthcare,Post-IPO,1200,"United Kingdom"
"Back Market","Paris,Non-U.S.",93,2022-12-23,0.13,Retail,"Series E",1000,France
Bakkt,Atlanta,NULL,2022-12-08,0.15,Crypto,Post-IPO,932,"United States"
Bakkt,Atlanta,28,2024-05-03,NULL,Crypto,Post-IPO,932,"United States"
"Bally's Interactive",Providence,NULL,2023-01-18,0.15,Consumer,Post-IPO,946,"United States"
Balto,"St. Louis",30,2022-06-22,NULL,Sales,"Series B",51,"United States"
Balto,"St. Louis",35,2022-12-12,NULL,Sales,"Series B",51,"United States"
"Bamboo Health",Louisville,52,2022-07-01,NULL,Healthcare,NULL,NULL,"United States"
Bandcamp,"SF Bay Area",58,2023-10-16,0.5,Other,Acquired,NULL,"United States"
Banxa,"Melbourne,Non-U.S.",70,2022-06-27,0.3,Crypto,Post-IPO,13,Australia
Baraja,"Sydney,Non-U.S.",NULL,2023-02-08,0.75,Transportation,NULL,63,Australia
Bardee,"Melbourne,Non-U.S.",30,2023-08-03,NULL,Food,Seed,5,Australia
Bark,"New York City",NULL,2023-07-13,0.08,Retail,Post-IPO,282,"United States"
Bark,"New York City",126,2023-02-09,0.12,Retail,Post-IPO,NULL,"United States"
"Basis Technologies",Chicago,40,2023-02-21,0.04,Marketing,"Series B",52,"United States"
Baton,"SF Bay Area",16,2022-06-29,0.25,Transportation,"Series A",13,"United States"
Beam,"Bristol,Non-U.S.",200,2025-05-01,1,Other,NULL,NULL,"United Kingdom"
"Beam Benefits",Columbus,31,2023-02-08,0.08,Healthcare,"Series E",168,"United States"
"Beam Benefits",Columbus,74,2024-01-10,NULL,Healthcare,"Series E",168,"United States"
Beamery,"London,Non-U.S.",NULL,2023-01-10,0.12,HR,"Series D",223,"United Kingdom"
Beamery,"London,Non-U.S.",NULL,2023-11-16,0.25,HR,"Series D",223,"United Kingdom"
BeepKart,"Bengaluru,Non-U.S.",NULL,2025-08-23,1,Retail,"Series A",19,India
BeepKart,"Bengaluru,Non-U.S.",130,2024-10-08,0.4,Retail,"Series A",19,India
BeeTech,"Sao Paulo,Non-U.S.",30,2020-04-10,NULL,Finance,"Series B",14,Brazil
"Belora Paris","Gurugram,Non-U.S.",NULL,2023-10-18,1,Retail,Seed,NULL,India
Bench,"Vancouver,Non-U.S.",47,2020-03-27,0.1,Finance,"Series B",49,Canada
Bench,"Vancouver,Non-U.S.",450,2024-12-27,1,Finance,"Series C",109,Canada
Benchling,"SF Bay Area",74,2023-04-21,0.09,Other,"Series F",411,"United States"
BenchSci,"Toronto,Non-U.S.",70,2024-01-08,0.17,Healthcare,"Series D",164,Canada
BenchSci,"Toronto,Non-U.S.",83,2025-08-12,0.23,Healthcare,"Series D",164,Canada
Benevity,"Calgary,Non-U.S.",137,2023-01-18,0.14,Other,NULL,69,Canada
BenevolentAI,"London,Non-U.S.",180,2023-05-25,NULL,Healthcare,"Private Equity",292,"United Kingdom"
"Benitago Group","New York City",NULL,2022-11-04,0.14,Retail,"Series A",380,"United States"
"Berkeley Lights","SF Bay Area",NULL,2022-08-09,0.12,Healthcare,Post-IPO,272,"United States"
"Berlin Brands Group","Berlin,Non-U.S.",100,2022-06-10,0.1,Retail,NULL,1000,Germany
Bestow,Dallas,41,2022-06-24,0.14,Finance,"Series C",137,"United States"
"Better Collective","Copenhagen,Non-U.S.",300,2024-11-14,NULL,Other,NULL,NULL,Denmark
"Better Therapeutics","SF Bay Area",NULL,2023-03-27,0.35,Healthcare,Post-IPO,143,"United States"
Better.com,"New York City",900,2021-12-01,0.09,"Real Estate",NULL,905,"United States"
Better.com,"New York City",3000,2022-03-08,0.33,"Real Estate",NULL,905,"United States"
Betterfly,"Santiago,Non-U.S.",NULL,2023-01-18,0.3,Healthcare,"Series C",204,Chile
Betterfly,"Santiago,Non-U.S.",30,2022-08-11,NULL,Healthcare,"Series C",204,Chile
Betterment,"New York City",28,2023-02-15,NULL,Finance,"Series F",435,"United States"
BetterUp,"SF Bay Area",100,2023-08-02,0.16,HR,"Series E",567,"United States"
Bevi,Boston,30,2020-03-27,0.2,Food,"Series C",60,"United States"
"Beyond Meat","Los Angeles",40,2022-08-03,0.04,Food,Post-IPO,122,"United States"
"Beyond Meat","Los Angeles",65,2023-11-02,0.08,Food,Post-IPO,122,"United States"
"Beyond Meat","Los Angeles",200,2022-10-14,0.19,Food,Post-IPO,122,"United States"
BeyondMinds,"Tel Aviv,Non-U.S.",65,2022-05-23,1,Data,"Series A",16,Israel
BharatAgri,"Mumbai,Non-U.S.",40,2023-01-15,0.43,Food,"Series A",21,India
"Big Cabal Media","Lagos,Non-U.S.",NULL,2023-08-04,0.19,Media,Seed,3,Nigeria
"Big Fish Games",Seattle,250,2020-09-01,NULL,Media,Acquired,95,"United States"
BigBear.ai,Baltimore,NULL,2022-09-08,0.07,Data,Post-IPO,200,"United States"
BigCommerce,Austin,NULL,2023-11-08,0.07,Retail,Post-IPO,224,"United States"
BigCommerce,Austin,180,2022-12-15,0.13,Retail,Post-IPO,224,"United States"
BigPanda,"SF Bay Area",40,2023-04-24,0.13,Infrastructure,"Series E",337,"United States"
Bilibili,"Shanghai,Non-U.S.",NULL,2022-12-27,0.3,Media,Post-IPO,3700,China
Bill.com,"SF Bay Area",NULL,2023-12-05,0.15,Finance,Post-IPO,280,"United States"
BillGO,"Fort Collins",80,2024-02-05,NULL,Finance,"Series B",119,"United States"
Binance,"Cayman Islands,Non-U.S.",1000,2023-07-14,NULL,Crypto,NULL,NULL,"Cayman Islands"
Binance.US,"SF Bay Area",100,2023-09-12,0.33,Crypto,Subsidiary,NULL,"United States"
Biofourmis,Boston,120,2023-08-31,NULL,Healthcare,"Series D",464,"United States"
BioMarin,"SF Bay Area",120,2022-10-07,0.04,Healthcare,Post-IPO,585,"United States"
BionicHIVE,"Sderot,Non-U.S.",NULL,2024-12-22,1,Hardware,NULL,NULL,Israel
Bird,"Los Angeles",138,2022-06-07,0.23,Transportation,Post-IPO,783,"United States"
Bird,"Los Angeles",406,2020-03-27,0.3,Transportation,"Series D",623,"United States"
"Bishop Fox",Phoenix,50,2023-05-02,0.13,Security,"Series B",146,"United States"
Bitfront,"SF Bay Area",NULL,2022-11-29,1,Crypto,NULL,NULL,"United States"
BitGo,"SF Bay Area",NULL,2020-04-17,0.12,Crypto,"Series B",69,"United States"
BitMEX,Non-U.S.,NULL,2022-11-02,0.3,Crypto,Seed,0,Seychelles
BitMEX,Non-U.S.,75,2022-04-04,0.25,Crypto,Seed,0,Seychelles
BitOasis,"Dubai,Non-U.S.",9,2022-06-19,0.05,Crypto,"Series B",30,"United Arab Emirates"
Bitpanda,"Vienna,Non-U.S.",270,2022-06-24,0.27,Crypto,"Series C",546,Austria
Bitrise,"Budapest,Non-U.S.",NULL,2022-09-14,0.14,Infrastructure,"Series C",83,Hungary
BitSight,"Tel Aviv,Non-U.S.",40,2023-02-26,NULL,Security,NULL,401,Israel
Bitso,"Mexico City,Non-U.S.",80,2022-05-26,0.11,Crypto,"Series C",378,Mexico
Bitso,"Mexico City,Non-U.S.",100,2022-11-29,NULL,Crypto,"Series C",378,Mexico
BitTitan,Seattle,70,2021-11-18,0.27,Data,Acquired,46,"United States"
BitTorrent,"SF Bay Area",92,2023-01-20,NULL,Infrastructure,Acquired,NULL,"United States"
Bittrex,Seattle,80,2023-02-02,NULL,Crypto,NULL,NULL,"United States"
Bitwise,"SF Bay Area",900,2023-06-14,1,Crypto,"Series B",84,"United States"
Bizongo,"Mumbai,Non-U.S.",50,2023-10-05,NULL,Retail,"Series E",315,India
Bizongo,"Mumbai,Non-U.S.",140,2020-07-10,NULL,Logistics,"Series C",70,India
Bizpay,"Sydney,Non-U.S.",NULL,2022-05-04,0.3,Finance,NULL,45,Australia
Bizzabo,"New York City",100,2022-12-01,0.37,Marketing,"Series E",194,"United States"
Bizzabo,"New York City",120,2022-07-05,0.3,Marketing,"Series E",194,"United States"
"Black Shark","Shenzen,Non-U.S.",900,2023-01-13,NULL,Hardware,NULL,NULL,China
Blackbaud,Charleston,500,2023-02-14,0.14,Other,Post-IPO,NULL,"United States"
BlackBuck,"Bengaluru,Non-U.S.",200,2020-04-17,NULL,Logistics,"Series D",293,India
BlackLine,"Los Angeles",95,2022-12-08,0.05,Finance,"Private Equity",220,"United States"
BlackLine,"Los Angeles",95,2023-08-23,0.05,Finance,Post-IPO,220,"United States"
"Bleacher Report","London,Non-U.S.",20,2020-09-11,NULL,Media,Acquired,41,"United Kingdom"
Blend,"SF Bay Area",100,2022-11-10,0.06,Finance,Post-IPO,665,"United States"
Blend,"SF Bay Area",150,2023-08-09,0.19,Finance,Post-IPO,665,"United States"
Blend,"SF Bay Area",200,2022-04-19,0.1,Finance,Post-IPO,665,"United States"
Blend,"SF Bay Area",220,2022-08-15,0.12,Finance,Post-IPO,665,"United States"
Blend,"SF Bay Area",340,2023-01-10,0.28,Finance,Post-IPO,665,"United States"
"Blink Charging",Baltimore,NULL,2025-05-19,0.2,Other,Post-IPO,110,"United States"
Blip,"Bengaluru,Non-U.S.",NULL,2025-07-12,1,Retail,NULL,NULL,India
BlissClub,"Bengaluru,Non-U.S.",21,2024-02-09,0.18,Retail,"Series A",20,India
Block,"SF Bay Area",931,2025-03-25,0.08,Finance,Post-IPO,150,"United States"
Block,"SF Bay Area",1000,2024-01-30,0.1,Finance,Post-IPO,150,"United States"
Blockchain.com,"London,Non-U.S.",110,2023-01-12,0.28,Crypto,"Series D",490,"United Kingdom"
Blockchain.com,"London,Non-U.S.",150,2022-07-21,0.25,Crypto,"Series D",490,"United Kingdom"
BlockFi,"New York City",NULL,2022-11-28,1,Crypto,"Series E",1000,"United States"
BlockFi,"New York City",250,2022-06-13,0.2,Crypto,"Series E",1000,"United States"
BloomTech,"SF Bay Area",88,2022-12-01,0.5,Education,NULL,NULL,"United States"
"Blue Apron","New York City",NULL,2022-12-08,0.1,Food,Post-IPO,352,"United States"
"Blue Apron","New York City",NULL,2023-07-19,0.2,Food,Post-IPO,422,"United States"
"Blue Nile",Seattle,119,2023-03-28,NULL,Retail,Acquired,62,"United States"
"Blue Origin",Seattle,40,2023-10-09,NULL,Aerospace,NULL,167,"United States"
"Blue Origin",Seattle,1000,2025-02-13,0.1,Aerospace,NULL,167,"United States"
Blueboard,"SF Bay Area",NULL,2024-03-15,1,HR,"Series A",16,"United States"
Blueground,"New York City",130,2020-03-27,0.25,"Real Estate","Series B",77,"United States"
Bluelearn,"Bengaluru,Non-U.S.",NULL,2024-07-22,1,Education,Seed,4,India
Bluepad,"Bengaluru,Non-U.S.",NULL,2023-04-13,1,Media,Seed,NULL,India
BlueStacks,"SF Bay Area",60,2022-07-20,NULL,Other,"Series C",48,"United States"
Bluevine,"Tel Aviv,Non-U.S.",100,2024-12-10,0.18,Finance,NULL,769,Israel
"Blume Global","SF Bay Area",30,2020-03-30,0.1,Logistics,NULL,NULL,"United States"
Bluprint,Denver,137,2020-05-26,1,Education,Acquired,108,"United States"
"BM Technologies",Philadelphia,NULL,2023-01-30,0.25,Finance,Post-IPO,NULL,"United States"
"Bobble AI","New Delhi,Non-U.S.",50,2025-09-04,NULL,Consumer,NULL,59,India
Bol.com,"Utrecht,Non-U.S.",300,2022-12-09,0.1,Retail,Acquired,NULL,Netherlands
Bolt,"Lagos,Non-U.S.",17,2023-02-21,NULL,Transportation,"Series F",NULL,Nigeria
Bolt,"SF Bay Area",NULL,2023-12-14,0.29,Finance,"Series E",1300,"United States"
Bolt,"SF Bay Area",50,2023-01-24,0.1,Finance,"Series E",1300,"United States"
Bolt,"SF Bay Area",240,2022-05-25,0.27,Finance,"Series E",1300,"United States"
Bolt.Earth,"Bengaluru,Non-U.S.",NULL,2023-12-29,0.2,Energy,"Series B",24,India
Bolt.Earth,"Bengaluru,Non-U.S.",70,2024-04-06,0.4,Energy,"Series B",24,India
Bonsai,"Toronto,Non-U.S.",29,2022-04-26,0.34,Retail,"Series A",27,Canada
Bonsai,"Toronto,Non-U.S.",30,2022-06-20,0.55,Retail,"Series A",27,Canada
Bonterra,Austin,140,2023-01-13,0.1,Other,NULL,NULL,"United States"
BookClub,"Salt Lake City",12,2022-05-31,0.25,Education,"Series A",26,"United States"
"Booking Holdings",Norwalk,60,2024-12-04,NULL,Travel,Post-IPO,2800,"United States"
Booking.com,"Amsterdam,Non-U.S.",4375,2020-07-30,0.25,Travel,Acquired,NULL,Netherlands
Booking.com,"Grand Rapids",226,2022-11-01,NULL,Travel,Acquired,NULL,"United States"
BookMyShow,"Mumbai,Non-U.S.",270,2020-05-28,0.18,Consumer,NULL,224,India
Booksy,"SF Bay Area",200,2020-04-01,NULL,Consumer,"Series B",48,"United States"
Booktopia,"Sydney,Non-U.S.",30,2023-01-23,NULL,Retail,"Series A",23,Australia
Boost,"New York City",15,2023-04-04,0.2,Finance,"Series B",37,"United States"
"Boosted Commerce","Los Angeles",NULL,2022-07-22,0.05,Retail,"Series B",137,"United States"
Boozt,"Malmo,Non-U.S.",NULL,2025-01-13,0.1,Retail,Post-IPO,56,Sweden
Boozt,"Malmo,Non-U.S.",70,2022-06-09,0.05,Retail,Post-IPO,56,Sweden
Borrowell,"Toronto,Non-U.S.",15,2020-04-06,0.2,Finance,"Series B",72,Canada
"Bossa Nova","SF Bay Area",NULL,2020-11-02,0.5,Retail,NULL,102,"United States"
"Bossa Nova","SF Bay Area",61,2020-06-29,NULL,Retail,NULL,102,"United States"
Bounce,"Bengaluru,Non-U.S.",40,2023-01-06,0.05,Transportation,"Series D",214,India
Bounce,"Bengaluru,Non-U.S.",120,2020-03-19,NULL,Transportation,"Series D",214,India
Bounce,"Bengaluru,Non-U.S.",130,2020-06-29,0.22,Transportation,"Series D",214,India
Bounce,"Bengaluru,Non-U.S.",200,2021-02-22,0.4,Transportation,"Series D",214,India
BounceX,"New York City",77,2020-04-06,0.2,Marketing,"Series B",75,"United States"
"Bowery Farming","New York City",NULL,2024-11-01,1,Food,NULL,626,"United States"
Boxed,"New York City",32,2023-03-15,0.25,Retail,Post-IPO,365,"United States"
Braid,"SF Bay Area",NULL,2023-10-09,1,Finance,NULL,NULL,"United States"
Brainly,"Krakow,Non-U.S.",NULL,2023-05-24,0.3,Education,"Series D",148,Poland
Brainly,"Krakow,Non-U.S.",25,2022-11-06,NULL,Education,"Series D",148,Poland
Branch,Columbus,85,2024-01-09,NULL,Finance,"Series C",229,"United States"
Branch,Columbus,186,2023-06-08,NULL,Finance,"Series C",229,"United States"
Branch,"New York City",3,2020-06-11,0.27,Retail,Seed,2,"United States"
"Branch Metrics","SF Bay Area",100,2020-04-07,0.2,Marketing,"Series E",367,"United States"
Branch.io,"SF Bay Area",100,2024-08-09,NULL,Marketing,"Series F",667,"United States"
Brave,"SF Bay Area",NULL,2023-10-06,0.09,Consumer,"Series B",42,"United States"
Brave,"SF Bay Area",27,2024-08-28,0.14,Consumer,"Series B",42,"United States"
"Brave Care",Portland,NULL,2024-12-31,1,Healthcare,"Series B",43,"United States"
"Brave Care",Portland,40,2022-09-06,0.33,Healthcare,"Series B",42,"United States"
Breathe,"New Delhi,Non-U.S.",50,2022-06-14,0.33,Healthcare,"Series A",6,India
Breather,"Montreal,Non-U.S.",120,2020-12-16,0.8,"Real Estate","Series D",131,Canada
Brex,"SF Bay Area",62,2020-05-29,0.15,Finance,"Series C",732,"United States"
Brex,"SF Bay Area",136,2022-10-11,0.11,Finance,"Series D",1500,"United States"
Brex,"SF Bay Area",282,2024-01-23,0.2,Finance,"Series D",1500,"United States"
"Bridge Connector",Nashville,154,2020-11-17,1,Healthcare,"Series B",45,"United States"
Bridgit,"Waterloo,Non-U.S.",13,2022-12-06,0.13,Construction,"Series B",36,Canada
"Bright Machines","SF Bay Area",30,2022-06-28,0.08,Data,NULL,250,Israel
"Bright Money","Bengaluru,Non-U.S.",100,2022-07-15,0.5,Finance,"Series A",31,India
Brightcove,Boston,70,2023-05-03,0.1,Marketing,Post-IPO,145,"United States"
Brightcove,Boston,198,2025-03-19,0.33,Marketing,Acquired,145,"United States"
Brighte,"Sydney,Non-U.S.",30,2022-06-20,0.15,Energy,"Series C",145,Australia
Brighte,"Sydney,Non-U.S.",58,2022-09-09,NULL,Energy,"Series C",145,Australia
Brightline,"SF Bay Area",NULL,2022-11-01,0.2,Healthcare,"Series C",212,"United States"
Brightline,"SF Bay Area",NULL,2023-05-03,0.2,Healthcare,"Series C",212,"United States"
Brilliant,"SF Bay Area",NULL,2024-05-08,1,Hardware,"Series B",64,"United States"
Bringg,"Tel Aviv,Non-U.S.",10,2020-04-21,0.1,Logistics,"Series D",84,Israel
Britishvolt,"London,Non-U.S.",206,2023-01-17,1,Transportation,NULL,2400,"United Kingdom"
Briza,"Toronto,Non-U.S.",26,2022-12-20,0.4,Finance,"Series A",10,Canada
Brodmann17,"Tel Aviv,Non-U.S.",NULL,2022-12-09,1,Other,"Series A",25,Israel
Bryter,"Berlin,Non-U.S.",100,2022-07-13,0.3,Product,"Series B",89,Germany
Buenbit,"Buenos Aires,Non-U.S.",80,2022-05-23,0.45,Crypto,"Series A",11,Argentina
Builder,"Los Angeles",39,2020-06-04,0.14,Product,"Series A",29,"United States"
Builder.ai,"London,Non-U.S.",NULL,2025-05-20,1,AI,"Series D",445,"United Kingdom"
Buildertrend,Omaha,NULL,2023-11-17,0.16,Construction,NULL,NULL,"United States"
"Built In",Chicago,28,2020-04-10,NULL,Recruiting,"Series C",29,"United States"
"Built In",Chicago,50,2022-10-05,0.25,Recruiting,"Series C",29,"United States"
"Built Technologies copy",Nashville,NULL,2023-02-03,0.08,Construction,NULL,313,"United States"
Bullhorn,Boston,100,2020-04-30,NULL,Sales,Acquired,32,"United States"
Bullhorn,Boston,140,2023-10-19,0.09,Sales,Acquired,32,"United States"
Bullish,"Hong Kong,Non-U.S.",30,2022-07-05,0.08,Crypto,NULL,300,"Hong Kong"
Bumble,Austin,240,2025-06-25,0.3,Consumer,Post-IPO,313,"United States"
Bumble,Austin,350,2024-02-27,0.3,Consumer,Post-IPO,313,"United States"
"Bundle Africa","Lagos,Non-U.S.",NULL,2023-07-21,1,Crypto,Seed,1,Nigeria
Bungalow,"SF Bay Area",70,2022-06-22,NULL,"Real Estate","Series C",171,"United States"
Bungie,Seattle,220,2024-07-31,0.17,Consumer,Acquired,100,"United States"
Bunnii,"New York City",NULL,2023-06-06,1,Healthcare,NULL,NULL,"United States"
BusBud,"Montreal,Non-U.S.",23,2020-04-06,0.32,Transportation,"Series B",21,Canada
Buser,"Sao Paulo,Non-U.S.",160,2022-12-08,0.3,Transportation,"Series C",138,Brazil
"Business Insider","New York City",NULL,2024-01-25,0.08,Media,Acquired,56,"United States"
"Business Insider","New York City",NULL,2025-05-29,0.2,Media,Acquired,56,"United States"
"Bustle Digital Group","New York City",NULL,2023-02-01,0.08,Media,"Series E",80,"United States"
"Bustle Digital Group","New York City",19,2020-04-03,NULL,Media,"Series E",80,"United States"
"Bustle Digital Group","New York City",24,2020-04-03,0.08,Media,"Series E",80,"United States"
"Butler Hospitality","New York City",1000,2022-07-08,1,Food,"Series B",50,"United States"
"Butterfly Network",Boston,NULL,2023-01-04,0.25,Healthcare,Post-IPO,530,"United States"
"Butterfly Network","New Haven",NULL,2022-08-02,0.1,Healthcare,Post-IPO,530,"United States"
"Butterfly Network copy",Boston,NULL,2023-07-11,0.25,Healthcare,Post-IPO,530,"United States"
Button,"New York City",48,2020-04-08,0.35,Marketing,"Series C",64,"United States"
"Buy.com / Rakuten","SF Bay Area",87,2020-07-30,1,Retail,Acquired,42,"United States"
Buzzer,"New York City",NULL,2022-06-20,0.2,Media,NULL,32,"United States"
Buzzer,"New York City",NULL,2023-06-30,1,Consumer,"Series A",24,"United States"
BuzzFeed,"New York City",NULL,2024-02-21,0.16,Media,Post-IPO,696,"United States"
BuzzFeed,"New York City",180,2022-12-06,0.12,Media,Post-IPO,696,"United States"
BuzzFeed,"New York City",180,2023-04-20,0.15,Media,Post-IPO,696,"United States"
BVAccel,"San Diego",25,2020-04-08,0.25,Marketing,NULL,NULL,"United States"
Bybit,"Singapore,Non-U.S.",NULL,2022-12-03,0.3,Crypto,NULL,NULL,Singapore
Bybit,"Singapore,Non-U.S.",600,2022-06-20,0.3,Crypto,NULL,NULL,Singapore
Byju's,"Bengaluru,Non-U.S.",500,2024-04-02,0.03,Education,"Private Equity",5500,India
Byju's,"Bengaluru,Non-U.S.",1000,2023-06-07,NULL,Education,"Private Equity",5500,India
Byju's,"Bengaluru,Non-U.S.",1500,2023-02-02,NULL,Education,"Private Equity",5500,India
Byju's,"Bengaluru,Non-U.S.",2500,2022-10-12,0.05,Education,"Private Equity",5500,India
Bytedance,"Jakarta,Non-U.S.",450,2024-06-12,NULL,Consumer,NULL,9400,Indonesia
Bytedance,"Jakarta,Non-U.S.",500,2024-10-11,NULL,Consumer,NULL,9400,Indonesia
Bytedance,"Mumbai,Non-U.S.",1800,2021-01-27,NULL,Consumer,NULL,7400,India
Bytedance,"Shanghai,Non-U.S.",NULL,2023-01-03,0.1,Consumer,NULL,9400,China
Bytedance,"Shanghai,Non-U.S.",150,2022-06-17,NULL,Consumer,NULL,9400,China
Bytedance,"Shanghai,Non-U.S.",1000,2023-11-27,NULL,Consumer,NULL,9400,China
Bytedance,"Shanghai,Non-U.S.",1800,2021-08-05,NULL,Consumer,NULL,9400,China
C2FO,"Kansas City",16,2024-06-18,NULL,Finance,"Series H",537,"United States"
C2FO,"Kansas City",20,2022-12-09,0.02,Finance,"Series H",537,"United States"
C2FO,"Kansas City",80,2023-10-16,0.03,Finance,"Series H",537,"United States"
"C6 Bank","Sao Paulo,Non-U.S.",60,2020-04-06,0.06,Finance,NULL,NULL,Brazil
Cabify,"Madrid,Non-U.S.",29,2024-05-02,NULL,Transportation,NULL,601,Spain
Cabin,"SF Bay Area",NULL,2020-03-23,0.2,Travel,Seed,3,"United States"
Cadre,"New York City",28,2020-05-11,0.25,"Real Estate","Series C",133,"United States"
"Cake Bikes","Stockholm,Non-U.S.",NULL,2024-02-02,1,Transportation,NULL,74,Sweden
"Cake Group","Singapore,Non-U.S.",50,2023-11-14,0.3,Crypto,NULL,NULL,Singapore
Calendly,Atlanta,60,2023-07-26,0.1,Other,"Series B",351,"United States"
Calendly,Atlanta,70,2024-12-11,0.13,Other,"Series B",351,"United States"
Calibrate,"New York City",NULL,2023-04-14,0.18,Healthcare,"Series B",127,"United States"
Calibrate,"New York City",156,2022-07-08,0.24,Healthcare,"Series B",127,"United States"
Caliva,"SF Bay Area",20,2020-03-30,NULL,Retail,"Series A",75,"United States"
Caliva,"SF Bay Area",54,2023-08-08,NULL,Retail,"Series B",75,"United States"
